,Cm,As,Ap,F1
RF,"[[ 97  90]
 [119  92]]",0.4748743718592965,0.5194001621042036,0.46819338422391854
KNN,"[[ 86 101]
 [ 85 126]]",0.5326633165829145,0.5450290998177307,0.5753424657534245
SVM,"[[ 89  98]
 [109 102]]",0.4798994974874372,0.520409631093858,0.49635036496350365
NV,"[[ 80 107]
 [ 85 126]]",0.5175879396984925,0.5364936167115912,0.5675675675675677
