,Cm,As,Ap,F1
RF,"[[ 96  92]
 [115  95]]",0.4798994974874372,0.5187639240255262,0.4785894206549119
KNN,"[[ 77 111]
 [ 91 119]]",0.49246231155778897,0.5218316218775034,0.5409090909090908
SVM,"[[103  85]
 [116  94]]",0.4949748743718593,0.5265198030589232,0.48329048843187666
NV,"[[162  26]
 [181  29]]",0.4798994974874372,0.5275877221605865,0.2188679245283019
