,Cm,As,Ap,F1
RF,"[[112  64]
 [126  96]]",0.5226130653266332,0.5760423740323237,0.5026178010471204
KNN,"[[ 77  99]
 [118 104]]",0.4547738693467337,0.5364859624086795,0.4894117647058824
SVM,"[[ 77  99]
 [ 81 141]]",0.5477386934673367,0.5766594798315904,0.6103896103896105
NV,"[[113  63]
 [135  87]]",0.5025125628140703,0.5664932771967948,0.46774193548387094
